{"cameraMode":{"drawMode":0,"name":"Shaded","section":"Shading Mode"},"sceneLighting":false,"audioPlay":false,"sceneViewState":{"m_AlwaysRefresh":false,"showFog":true,"showSkybox":false,"showFlares":true,"showImageEffects":true,"showParticleSystems":true,"showVisualEffectGraphs":true,"m_FxEnabled":true},"in2DMode":false,"pivot":{"x":0.6326799392700195,"y":0.4972071051597595,"z":-16.298128128051759},"rotation":{"x":0.05723906680941582,"y":0.03923819959163666,"z":-0.002306348877027631,"w":0.9976894855499268},"size":0.5917889475822449,"orthographic":false}