{"cameraMode":{"drawMode":0,"name":"Shaded","section":"Shading Mode"},"sceneLighting":false,"audioPlay":false,"sceneViewState":{"m_AlwaysRefresh":false,"showFog":true,"showSkybox":false,"showFlares":true,"showImageEffects":true,"showParticleSystems":true,"showVisualEffectGraphs":true,"m_FxEnabled":true},"in2DMode":false,"pivot":{"x":-0.9000343680381775,"y":0.33330902457237246,"z":-21.299348831176759},"rotation":{"x":0.001222874503582716,"y":0.8155855536460877,"z":-0.0013517920160666109,"w":0.5789282917976379},"size":0.09481967985630036,"orthographic":false}